date,amount,index
2008/1/1,69028,1
2008/1/2,70410,2
2008/1/3,72254,3
2008/1/4,79576,4
2008/1/5,82950,5
2008/1/6,79664,6
2008/1/7,95284,7
2008/1/8,94980,8
2008/1/9,94899,9
2008/1/10,96501,10
2008/1/11,96811,11
2008/1/12,93524,12
2008/1/13,87627,13
2008/1/14,94656,14
2008/1/15,102328,15
2008/1/16,100723,16
2008/1/17,103623,17
2008/1/18,107030,18
2008/1/19,97419,19
2008/1/20,90095,20
2008/1/21,103722,21
2008/1/22,104962,22
2008/1/23,109861,23
2008/1/24,104276,24
2008/1/25,105717,25
2008/1/26,97475,26
2008/1/27,90041,27
2008/1/28,103912,28
2008/1/29,105936,29
2008/1/30,99333,30
2008/1/31,100950,31
2008/2/1,101748,32
2008/2/2,95150,33
2008/2/3,95517,34
2008/2/4,101995,35
2008/2/5,102419,36
2008/2/6,108206,37
2008/2/7,103767,38
2008/2/8,103265,39
2008/2/9,100785,40
2008/2/10,87013,41
2008/2/11,89933,42
2008/2/12,102427,43
2008/2/13,105122,44
2008/2/14,103760,45
2008/2/15,101311,46
2008/2/16,94406,47
2008/2/17,89382,48
2008/2/18,100815,49
2008/2/19,102116,50
2008/2/20,99096,51
2008/2/21,97122,52
2008/2/22,94582,53
2008/2/23,87752,54
2008/2/24,88038,55
2008/2/25,99574,56
2008/2/26,99216,57
2008/2/27,98334,58
2008/2/28,98270,59
2008/2/29,94813,60
2008/3/1,86382,61
2008/3/2,81195,62
2008/3/3,92168,63
2008/3/4,94334,64
2008/3/5,97312,65
2008/3/6,96781,66
2008/3/7,95133,67
2008/3/8,85669,68
2008/3/9,78474,69
2008/3/10,93109,70
2008/3/11,89197,71
2008/3/12,90353,72
2008/3/13,89940,73
2008/3/14,90489,74
2008/3/15,78167,75
2008/3/16,72066,76
2008/3/17,83197,77
2008/3/18,84897,78
2008/3/19,87950,79
2008/3/20,87886,80
2008/3/21,90376,81
2008/3/22,79448,82
2008/3/23,72819,83
2008/3/24,89147,84
2008/3/25,86285,85
2008/3/26,84061,86
2008/3/27,84917,87
2008/3/28,84894,88
2008/3/29,78114,89
2008/3/30,75868,90
2008/3/31,90239,91
2008/4/1,88289,92
2008/4/2,86452,93
2008/4/3,84973,94
2008/4/4,84028,95
2008/4/5,76591,96
2008/4/6,70862,97
2008/4/7,83872,98
2008/4/8,89867,99
2008/4/9,85503,100
2008/4/10,90590,101
2008/4/11,85027,102
2008/4/12,76489,103
2008/4/13,75501,104
2008/4/14,84468,105
2008/4/15,83821,106
2008/4/16,83753,107
2008/4/17,85013,108
2008/4/18,87243,109
2008/4/19,77946,110
2008/4/20,71524,111
2008/4/21,81133,112
2008/4/22,82936,113
2008/4/23,82898,114
2008/4/24,84135,115
2008/4/25,82088,116
2008/4/26,77242,117
2008/4/27,70401,118
2008/4/28,76358,119
2008/4/29,72916,120
2008/4/30,78541,121
2008/5/1,77750,122
2008/5/2,77004,123
2008/5/3,67651,124
2008/5/4,65026,125
2008/5/5,66472,126
2008/5/6,68878,127
2008/5/7,79919,128
2008/5/8,81957,129
2008/5/9,82416,130
2008/5/10,78071,131
2008/5/11,71933,132
2008/5/12,81888,133
2008/5/13,86428,134
2008/5/14,85704,135
2008/5/15,82382,136
2008/5/16,82170,137
2008/5/17,75325,138
2008/5/18,69347,139
2008/5/19,81295,140
2008/5/20,84300,141
2008/5/21,82844,142
2008/5/22,84827,143
2008/5/23,87503,144
2008/5/24,78310,145
2008/5/25,72676,146
2008/5/26,85198,147
2008/5/27,85720,148
2008/5/28,85074,149
2008/5/29,83877,150
2008/5/30,82664,151
2008/5/31,77182,152
2008/6/1,69579,153
2008/6/2,80584,154
2008/6/3,83710,155
2008/6/4,82414,156
2008/6/5,83641,157
2008/6/6,85780,158
2008/6/7,78424,159
2008/6/8,72624,160
2008/6/9,84680,161
2008/6/10,87068,162
2008/6/11,88092,163
2008/6/12,85565,164
2008/6/13,86422,165
2008/6/14,79233,166
2008/6/15,72283,167
2008/6/16,85723,168
2008/6/17,87915,169
2008/6/18,87917,170
2008/6/19,89787,171
2008/6/20,90523,172
2008/6/21,83938,173
2008/6/22,76609,174
2008/6/23,85396,175
2008/6/24,89829,176
2008/6/25,87720,177
2008/6/26,84833,178
2008/6/27,85944,179
2008/6/28,80061,180
2008/6/29,74395,181
2008/6/30,83485,182
2008/7/1,86160,183
2008/7/2,89459,184
2008/7/3,90322,185
2008/7/4,96666,186
2008/7/5,91198,187
2008/7/6,86043,188
2008/7/7,93846,189
2008/7/8,94020,190
2008/7/9,91469,191
2008/7/10,91874,192
2008/7/11,95391,193
2008/7/12,90781,194
2008/7/13,88061,195
2008/7/14,102697,196
2008/7/15,102642,197
2008/7/16,103808,198
2008/7/17,106437,199
2008/7/18,106456,200
2008/7/19,96218,201
2008/7/20,87960,202
2008/7/21,90262,203
2008/7/22,106062,204
2008/7/23,109874,205
2008/7/24,112133,206
2008/7/25,112987,207
2008/7/26,96797,208
2008/7/27,90015,209
2008/7/28,101273,210
2008/7/29,103943,211
2008/7/30,100128,212
2008/7/31,99088,213
2008/8/1,101699,214
2008/8/2,96379,215
2008/8/3,96845,216
2008/8/4,112647,217
2008/8/5,107922,218
2008/8/6,109449,219
2008/8/7,114162,220
2008/8/8,115761,221
2008/8/9,98910,222
2008/8/10,85075,223
2008/8/11,98374,224
2008/8/12,97911,225
2008/8/13,96068,226
2008/8/14,94434,227
2008/8/15,96311,228
2008/8/16,90747,229
2008/8/17,75664,230
2008/8/18,89895,231
2008/8/19,101190,232
2008/8/20,101746,233
2008/8/21,97226,234
2008/8/22,87432,235
2008/8/23,77120,236
2008/8/24,74634,237
2008/8/25,86910,238
2008/8/26,87646,239
2008/8/27,91092,240
2008/8/28,95392,241
2008/8/29,96993,242
2008/8/30,86554,243
2008/8/31,82957,244
2008/9/1,97409,245
2008/9/2,103952,246
2008/9/3,106182,247
2008/9/4,102442,248
2008/9/5,100790,249
2008/9/6,91242,250
2008/9/7,86212,251
2008/9/8,98215,252
2008/9/9,94190,253
2008/9/10,92194,254
2008/9/11,90492,255
2008/9/12,96529,256
2008/9/13,88375,257
2008/9/14,81216,258
2008/9/15,82834,259
2008/9/16,90597,260
2008/9/17,94027,261
2008/9/18,92295,262
2008/9/19,91938,263
2008/9/20,84915,264
2008/9/21,77082,265
2008/9/22,84486,266
2008/9/23,82943,267
2008/9/24,88125,268
2008/9/25,89756,269
2008/9/26,91283,270
2008/9/27,75648,271
2008/9/28,69952,272
2008/9/29,80498,273
2008/9/30,82045,274
2008/10/1,83149,275
2008/10/2,82586,276
2008/10/3,82552,277
2008/10/4,75917,278
2008/10/5,71360,279
2008/10/6,82204,280
2008/10/7,85061,281
2008/10/8,84928,282
2008/10/9,84825,283
2008/10/10,85334,284
2008/10/11,76946,285
2008/10/12,68815,286
2008/10/13,72313,287
2008/10/14,82117,288
2008/10/15,83394,289
2008/10/16,83206,290
2008/10/17,83058,291
2008/10/18,76098,292
2008/10/19,70635,293
2008/10/20,81370,294
2008/10/21,83061,295
2008/10/22,83019,296
2008/10/23,84448,297
2008/10/24,85826,298
2008/10/25,76609,299
2008/10/26,71515,300
2008/10/27,80312,301
2008/10/28,81968,302
2008/10/29,81739,303
2008/10/30,81656,304
2008/10/31,82421,305
2008/11/1,74737,306
2008/11/2,69915,307
2008/11/3,75569,308
2008/11/4,81343,309
2008/11/5,83194,310
2008/11/6,83476,311
2008/11/7,83225,312
2008/11/8,79075,313
2008/11/9,76023,314
2008/11/10,85543,315
2008/11/11,88872,316
2008/11/12,89350,317
2008/11/13,84873,318
2008/11/14,84629,319
2008/11/15,78029,320
2008/11/16,74069,321
2008/11/17,82127,322
2008/11/18,84101,323
2008/11/19,86785,324
2008/11/20,89629,325
2008/11/21,88930,326
2008/11/22,81006,327
2008/11/23,74420,328
2008/11/24,83090,329
2008/11/25,88991,330
2008/11/26,88411,331
2008/11/27,94618,332
2008/11/28,90978,333
2008/11/29,81490,334
2008/11/30,75542,335
2008/12/1,88738,336
2008/12/2,93712,337
2008/12/3,89382,338
2008/12/4,89467,339
2008/12/5,88386,340
2008/12/6,81977,341
2008/12/7,80591,342
2008/12/8,93233,343
2008/12/9,95710,344
2008/12/10,88294,345
2008/12/11,87639,346
2008/12/12,87084,347
2008/12/13,80319,348
2008/12/14,82429,349
2008/12/15,93706,350
2008/12/16,94421,351
2008/12/17,96321,352
2008/12/18,90125,353
2008/12/19,90834,354
2008/12/20,82568,355
2008/12/21,76108,356
2008/12/22,86126,357
2008/12/23,87320,358
2008/12/24,94168,359
2008/12/25,89118,360
2008/12/26,90743,361
2008/12/27,84765,362
2008/12/28,76828,363
2008/12/29,76027,364
2008/12/30,71474,365
2008/12/31,69840,366
2009/1/1,66886,367
2009/1/2,67757,368
2009/1/3,69622,369
2009/1/4,72497,370
2009/1/5,84697,371
2009/1/6,88913,372
2009/1/7,92778,373
2009/1/8,93930,374
2009/1/9,100048,375
2009/1/10,87199,376
2009/1/11,83126,377
2009/1/12,87229,378
2009/1/13,97439,379
2009/1/14,97433,380
2009/1/15,99193,381
2009/1/16,98453,382
2009/1/17,87014,383
2009/1/18,84242,384
2009/1/19,90267,385
2009/1/20,96796,386
2009/1/21,97099,387
2009/1/22,98999,388
2009/1/23,91334,389
2009/1/24,85292,390
2009/1/25,81557,391
2009/1/26,94468,392
2009/1/27,94161,393
2009/1/28,94646,394
2009/1/29,93378,395
2009/1/30,91809,396
2009/1/31,84132,397
2009/2/1,78596,398
2009/2/2,92678,399
2009/2/3,91884,400
2009/2/4,93088,401
2009/2/5,93004,402
2009/2/6,90263,403
2009/2/7,82278,404
2009/2/8,78747,405
2009/2/9,94673,406
2009/2/10,90563,407
2009/2/11,87867,408
2009/2/12,89390,409
2009/2/13,88397,410
2009/2/14,71925,411
2009/2/15,70857,412
2009/2/16,83692,413
2009/2/17,92480,414
2009/2/18,91999,415
2009/2/19,92489,416
2009/2/20,93033,417
2009/2/21,81642,418
2009/2/22,78259,419
2009/2/23,92485,420
2009/2/24,96088,421
2009/2/25,92876,422
2009/2/26,93431,423
2009/2/27,98034,424
2009/2/28,82245,425
2009/3/1,78852,426
2009/3/2,89100,427
2009/3/3,98199,428
2009/3/4,96184,429
2009/3/5,90204,430
2009/3/6,93454,431
2009/3/7,77134,432
2009/3/8,78104,433
2009/3/9,87442,434
2009/3/10,85181,435
2009/3/11,89561,436
2009/3/12,89206,437
2009/3/13,87681,438
2009/3/14,78423,439
2009/3/15,74153,440
2009/3/16,82062,441
2009/3/17,81455,442
2009/3/18,80186,443
2009/3/19,77790,444
2009/3/20,72498,445
2009/3/21,71377,446
2009/3/22,69736,447
2009/3/23,78098,448
2009/3/24,83975,449
2009/3/25,87146,450
2009/3/26,85986,451
2009/3/27,84695,452
2009/3/28,79411,453
2009/3/29,73885,454
2009/3/30,81807,455
2009/3/31,81686,456
2009/4/1,84460,457
2009/4/2,84684,458
2009/4/3,81198,459
2009/4/4,73493,460
2009/4/5,68697,461
2009/4/6,77031,462
2009/4/7,77864,463
2009/4/8,77669,464
2009/4/9,77558,465
2009/4/10,76360,466
2009/4/11,70469,467
2009/4/12,66884,468
2009/4/13,75356,469
2009/4/14,78123,470
2009/4/15,77241,471
2009/4/16,77396,472
2009/4/17,78513,473
2009/4/18,70769,474
2009/4/19,66280,475
2009/4/20,75623,476
2009/4/21,79075,477
2009/4/22,77878,478
2009/4/23,76707,479
2009/4/24,76881,480
2009/4/25,75676,481
2009/4/26,66712,482
2009/4/27,74000,483
2009/4/28,74595,484
2009/4/29,68822,485
2009/4/30,72877,486
2009/5/1,72021,487
2009/5/2,66183,488
2009/5/3,61584,489
2009/5/4,62185,490
2009/5/5,63482,491
2009/5/6,66967,492
2009/5/7,74880,493
2009/5/8,76598,494
2009/5/9,71377,495
2009/5/10,68287,496
2009/5/11,77860,497
2009/5/12,80622,498
2009/5/13,80269,499
2009/5/14,77677,500
2009/5/15,76191,501
2009/5/16,70402,502
2009/5/17,67350,503
2009/5/18,78090,504
2009/5/19,79738,505
2009/5/20,81206,506
2009/5/21,81803,507
2009/5/22,80439,508
2009/5/23,74529,509
2009/5/24,68170,510
2009/5/25,77022,511
2009/5/26,80074,512
2009/5/27,79959,513
2009/5/28,79185,514
2009/5/29,77652,515
2009/5/30,71636,516
2009/5/31,68287,517
2009/6/1,76156,518
2009/6/2,79218,519
2009/6/3,79686,520
2009/6/4,80004,521
2009/6/5,79870,522
2009/6/6,73234,523
2009/6/7,69444,524
2009/6/8,77720,525
2009/6/9,80467,526
2009/6/10,81703,527
2009/6/11,81665,528
2009/6/12,81110,529
2009/6/13,75071,530
2009/6/14,70040,531
2009/6/15,79459,532
2009/6/16,80528,533
2009/6/17,80667,534
2009/6/18,81116,535
2009/6/19,81683,536
2009/6/20,75750,537
2009/6/21,72968,538
2009/6/22,83786,539
2009/6/23,90152,540
2009/6/24,87259,541
2009/6/25,87500,542
2009/6/26,89362,543
2009/6/27,82709,544
2009/6/28,73852,545
2009/6/29,86522,546
2009/6/30,85130,547
2009/7/1,85831,548
2009/7/2,84379,549
2009/7/3,84076,550
2009/7/4,77276,551
2009/7/5,72911,552
2009/7/6,84680,553
2009/7/7,92077,554
2009/7/8,91306,555
2009/7/9,94357,556
2009/7/10,93655,557
2009/7/11,78078,558
2009/7/12,76411,559
2009/7/13,94725,560
2009/7/14,95413,561
2009/7/15,101101,562
2009/7/16,102869,563
2009/7/17,93931,564
2009/7/18,86683,565
2009/7/19,85304,566
2009/7/20,84603,567
2009/7/21,86866,568
2009/7/22,88787,569
2009/7/23,91052,570
2009/7/24,92446,571
2009/7/25,87078,572
2009/7/26,88243,573
2009/7/27,95512,574
2009/7/28,94071,575
2009/7/29,98436,576
2009/7/30,101541,577
2009/7/31,87848,578
2009/8/1,79341,579
2009/8/2,76021,580
2009/8/3,92063,581
2009/8/4,94943,582
2009/8/5,98239,583
2009/8/6,98757,584
2009/8/7,100886,585
2009/8/8,87878,586
2009/8/9,85300,587
2009/8/10,92166,588
2009/8/11,90002,589
2009/8/12,85936,590
2009/8/13,88439,591
2009/8/14,86191,592
2009/8/15,79294,593
2009/8/16,79458,594
2009/8/17,91265,595
2009/8/18,93953,596
2009/8/19,94723,597
2009/8/20,96671,598
2009/8/21,98494,599
2009/8/22,91731,600
2009/8/23,81808,601
2009/8/24,90612,602
2009/8/25,87649,603
2009/8/26,86887,604
2009/8/27,89672,605
2009/8/28,94169,606
2009/8/29,87872,607
2009/8/30,75797,608
2009/8/31,79935,609
2009/9/1,89912,610
2009/9/2,83662,611
2009/9/3,83201,612
2009/9/4,83755,613
2009/9/5,77979,614
2009/9/6,75053,615
2009/9/7,88501,616
2009/9/8,90691,617
2009/9/9,85089,618
2009/9/10,84770,619
2009/9/11,83948,620
2009/9/12,75258,621
2009/9/13,72211,622
2009/9/14,82056,623
2009/9/15,83072,624
2009/9/16,84979,625
2009/9/17,83755,626
2009/9/18,81293,627
2009/9/19,73027,628
2009/9/20,68869,629
2009/9/21,70701,630
2009/9/22,73720,631
2009/9/23,75809,632
2009/9/24,83407,633
2009/9/25,84520,634
2009/9/26,76989,635
2009/9/27,70478,636
2009/9/28,81680,637
2009/9/29,84188,638
2009/9/30,81314,639
2009/10/1,81085,640
2009/10/2,82571,641
2009/10/3,75893,642
2009/10/4,70362,643
2009/10/5,79748,644
2009/10/6,81505,645
2009/10/7,81431,646
2009/10/8,81389,647
2009/10/9,79283,648
2009/10/10,72557,649
2009/10/11,67629,650
2009/10/12,70596,651
2009/10/13,78735,652
2009/10/14,79490,653
2009/10/15,79241,654
2009/10/16,78876,655
2009/10/17,73626,656
2009/10/18,68502,657
2009/10/19,77534,658
2009/10/20,80254,659
2009/10/21,80078,660
2009/10/22,79589,661
2009/10/23,78749,662
2009/10/24,73365,663
2009/10/25,70170,664
2009/10/26,81327,665
2009/10/27,79615,666
2009/10/28,79377,667
2009/10/29,79829,668
2009/10/30,79822,669
2009/10/31,73814,670
2009/11/1,69288,671
2009/11/2,79430,672
2009/11/3,78394,673
2009/11/4,83183,674
2009/11/5,83978,675
2009/11/6,81998,676
2009/11/7,75391,677
2009/11/8,70072,678
2009/11/9,79413,679
2009/11/10,81160,680
2009/11/11,83553,681
2009/11/12,84132,682
2009/11/13,86350,683
2009/11/14,77677,684
2009/11/15,69968,685
2009/11/16,81610,686
2009/11/17,89052,687
2009/11/18,86837,688
2009/11/19,93396,689
2009/11/20,88461,690
2009/11/21,79374,691
2009/11/22,80053,692
2009/11/23,78861,693
2009/11/24,88030,694
2009/11/25,86400,695
2009/11/26,83986,696
2009/11/27,84034,697
2009/11/28,78155,698
2009/11/29,75230,699
2009/11/30,88060,700
2009/12/1,87392,701
2009/12/2,87602,702
2009/12/3,92500,703
2009/12/4,87015,704
2009/12/5,84094,705
2009/12/6,75328,706
2009/12/7,88082,707
2009/12/8,90784,708
2009/12/9,91999,709
2009/12/10,88803,710
2009/12/11,94702,711
2009/12/12,79602,712
2009/12/13,77209,713
2009/12/14,90019,714
2009/12/15,94147,715
2009/12/16,97493,716
2009/12/17,95443,717
2009/12/18,96413,718
2009/12/19,89852,719
2009/12/20,84492,720
2009/12/21,96369,721
2009/12/22,98102,722
2009/12/23,90886,723
2009/12/24,92218,724
2009/12/25,89479,725
2009/12/26,83071,726
2009/12/27,77196,727
2009/12/28,80649,728
2009/12/29,78550,729
2009/12/30,73676,730
2009/12/31,72151,731
2010/1/1,69586,732
2010/1/2,69263,733
2010/1/3,72477,734
2010/1/4,81794,735
2010/1/5,87758,736
2010/1/6,94100,737
2010/1/7,95648,738
2010/1/8,94934,739
2010/1/9,87710,740
2010/1/10,81688,741
2010/1/11,90372,742
2010/1/12,103162,743
2010/1/13,100333,744
2010/1/14,102544,745
2010/1/15,101468,746
2010/1/16,93835,747
2010/1/17,87424,748
2010/1/18,99153,749
2010/1/19,96575,750
2010/1/20,92166,751
2010/1/21,90288,752
2010/1/22,94878,753
2010/1/23,87515,754
2010/1/24,82577,755
2010/1/25,93350,756
2010/1/26,95753,757
2010/1/27,96214,758
2010/1/28,92875,759
2010/1/29,91605,760
2010/1/30,83285,761
2010/1/31,78375,762
2010/2/1,96627,763
2010/2/2,102231,764
2010/2/3,100662,765
2010/2/4,102380,766
2010/2/5,99550,767
2010/2/6,92963,768
2010/2/7,86376,769
2010/2/8,96442,770
2010/2/9,90728,771
2010/2/10,93690,772
2010/2/11,95347,773
2010/2/12,103001,774
2010/2/13,97057,775
2010/2/14,86984,776
2010/2/15,101190,777
2010/2/16,104146,778
2010/2/17,105189,779
2010/2/18,104068,780
2010/2/19,100342,781
2010/2/20,87934,782
2010/2/21,83762,783
2010/2/22,95416,784
2010/2/23,91886,785
2010/2/24,87581,786
2010/2/25,85432,787
2010/2/26,83998,788
2010/2/27,78104,789
2010/2/28,79957,790
2010/3/1,88552,791
2010/3/2,96701,792
2010/3/3,90718,793
2010/3/4,93890,794
2010/3/5,85214,795
2010/3/6,80072,796
2010/3/7,82748,797
2010/3/8,93906,798
2010/3/9,102633,799
2010/3/10,99317,800
2010/3/11,92981,801
2010/3/12,89935,802
2010/3/13,77620,803
2010/3/14,73288,804
2010/3/15,84198,805
2010/3/16,82280,806
2010/3/17,86608,807
2010/3/18,86867,808
2010/3/19,86963,809
2010/3/20,76327,810
2010/3/21,69965,811
2010/3/22,76447,812
2010/3/23,84515,813
2010/3/24,92750,814
2010/3/25,97613,815
2010/3/26,90995,816
2010/3/27,82873,817
2010/3/28,81269,818
2010/3/29,94527,819
2010/3/30,93492,820
2010/3/31,90121,821
2010/4/1,84845,822
2010/4/2,83585,823
2010/4/3,77317,824
2010/4/4,76523,825
2010/4/5,89536,826
2010/4/6,82652,827
2010/4/7,86813,828
2010/4/8,86321,829
2010/4/9,85402,830
2010/4/10,75646,831
2010/4/11,70103,832
2010/4/12,88205,833
2010/4/13,82384,834
2010/4/14,81540,835
2010/4/15,91790,836
2010/4/16,96403,837
2010/4/17,87407,838
2010/4/18,74154,839
2010/4/19,81076,840
2010/4/20,83339,841
2010/4/21,81078,842
2010/4/22,89266,843
2010/4/23,90566,844
2010/4/24,78673,845
2010/4/25,71917,846
2010/4/26,79593,847
2010/4/27,84469,848
2010/4/28,83522,849
2010/4/29,72533,850
2010/4/30,74882,851
2010/5/1,67882,852
2010/5/2,63577,853
2010/5/3,63447,854
2010/5/4,64348,855
2010/5/5,67024,856
2010/5/6,77585,857
2010/5/7,79496,858
2010/5/8,73655,859
2010/5/9,67736,860
2010/5/10,77346,861
2010/5/11,80675,862
2010/5/12,79229,863
2010/5/13,78710,864
2010/5/14,78831,865
2010/5/15,72259,866
2010/5/16,67429,867
2010/5/17,78892,868
2010/5/18,81189,869
2010/5/19,81044,870
2010/5/20,82577,871
2010/5/21,83859,872
2010/5/22,76227,873
2010/5/23,70107,874
2010/5/24,79991,875
2010/5/25,82588,876
2010/5/26,81015,877
2010/5/27,80314,878
2010/5/28,79342,879
2010/5/29,73287,880
2010/5/30,68139,881
2010/5/31,77032,882
2010/6/1,78838,883
2010/6/2,79502,884
2010/6/3,80916,885
2010/6/4,81824,886
2010/6/5,73915,887
2010/6/6,69505,888
2010/6/7,81998,889
2010/6/8,82427,890
2010/6/9,81688,891
2010/6/10,84055,892
2010/6/11,84110,893
2010/6/12,79568,894
2010/6/13,72679,895
2010/6/14,81033,896
2010/6/15,86440,897
2010/6/16,91338,898
2010/6/17,92743,899
2010/6/18,91525,900
2010/6/19,83577,901
2010/6/20,78914,902
2010/6/21,91068,903
2010/6/22,94554,904
2010/6/23,90960,905
2010/6/24,89776,906
2010/6/25,92513,907
2010/6/26,85053,908
2010/6/27,81523,909
2010/6/28,98494,910
2010/6/29,97786,911
2010/6/30,93690,912
2010/7/1,96062,913
2010/7/2,95245,914
2010/7/3,85537,915
2010/7/4,84558,916
2010/7/5,96843,917
2010/7/6,98961,918
2010/7/7,95022,919
2010/7/8,97234,920
2010/7/9,93723,921
2010/7/10,86011,922
2010/7/11,81763,923
2010/7/12,94490,924
2010/7/13,90074,925
2010/7/14,92574,926
2010/7/15,97334,927
2010/7/16,100895,928
2010/7/17,91672,929
2010/7/18,87832,930
2010/7/19,95850,931
2010/7/20,109475,932
2010/7/21,113250,933
2010/7/22,113854,934
2010/7/23,114182,935
2010/7/24,103161,936
2010/7/25,94687,937
2010/7/26,103780,938
2010/7/27,107335,939
2010/7/28,107282,940
2010/7/29,96216,941
2010/7/30,98298,942
2010/7/31,95534,943
2010/8/1,95057,944
2010/8/2,105134,945
2010/8/3,108042,946
2010/8/4,109307,947
2010/8/5,111336,948
2010/8/6,108092,949
2010/8/7,95124,950
2010/8/8,90088,951
2010/8/9,93124,952
2010/8/10,96667,953
2010/8/11,97586,954
2010/8/12,91113,955
2010/8/13,87282,956
2010/8/14,83995,957
2010/8/15,90679,958
2010/8/16,106104,959
2010/8/17,112096,960
2010/8/18,111047,961
2010/8/19,105576,962
2010/8/20,100490,963
2010/8/21,95015,964
2010/8/22,94436,965
2010/8/23,109980,966
2010/8/24,111354,967
2010/8/25,110686,968
2010/8/26,110854,969
2010/8/27,110203,970
2010/8/28,100123,971
2010/8/29,95939,972
2010/8/30,109724,973
2010/8/31,112887,974
2010/9/1,112292,975
2010/9/2,111224,976
2010/9/3,111824,977
2010/9/4,102087,978
2010/9/5,97125,979
2010/9/6,110745,980
2010/9/7,111975,981
2010/9/8,98614,982
2010/9/9,92377,983
2010/9/10,94513,984
2010/9/11,93892,985
2010/9/12,90168,986
2010/9/13,103392,987
2010/9/14,97652,988
2010/9/15,87780,989
2010/9/16,85814,990
2010/9/17,88253,991
2010/9/18,81916,992
2010/9/19,79132,993
2010/9/20,83539,994
2010/9/21,97195,995
2010/9/22,102180,996
2010/9/23,82235,997
2010/9/24,79464,998
2010/9/25,72600,999
2010/9/26,68618,1000
2010/9/27,78328,1001
2010/9/28,81466,1002
2010/9/29,80196,1003
2010/9/30,80446,1004
2010/10/1,80202,1005
2010/10/2,74171,1006
2010/10/3,69685,1007
2010/10/4,80497,1008
2010/10/5,82832,1009
2010/10/6,82216,1010
2010/10/7,81948,1011
2010/10/8,81528,1012
2010/10/9,75634,1013
2010/10/10,71121,1014
2010/10/11,74077,1015
2010/10/12,82210,1016
2010/10/13,84339,1017
2010/10/14,82739,1018
2010/10/15,82055,1019
2010/10/16,75415,1020
2010/10/17,69491,1021
2010/10/18,77715,1022
2010/10/19,79511,1023
2010/10/20,80454,1024
2010/10/21,81226,1025
2010/10/22,79441,1026
2010/10/23,72618,1027
2010/10/24,69557,1028
2010/10/25,78531,1029
2010/10/26,80619,1030
2010/10/27,80383,1031
2010/10/28,86912,1032
2010/10/29,82680,1033
2010/10/30,81207,1034
2010/10/31,72296,1035
2010/11/1,79595,1036
2010/11/2,79806,1037
2010/11/3,76812,1038
2010/11/4,83294,1039
2010/11/5,81839,1040
2010/11/6,75911,1041
2010/11/7,71502,1042
2010/11/8,79544,1043
2010/11/9,80634,1044
2010/11/10,81755,1045
2010/11/11,82678,1046
2010/11/12,82132,1047
2010/11/13,76096,1048
2010/11/14,71742,1049
2010/11/15,83395,1050
2010/11/16,86709,1051
2010/11/17,91469,1052
2010/11/18,88328,1053
2010/11/19,86976,1054
2010/11/20,79064,1055
2010/11/21,73163,1056
2010/11/22,83007,1057
2010/11/23,80598,1058
2010/11/24,85596,1059
2010/11/25,88011,1060
2010/11/26,85805,1061
2010/11/27,79250,1062
2010/11/28,73568,1063
2010/11/29,84065,1064
2010/11/30,86513,1065
2010/12/1,85802,1066
2010/12/2,86152,1067
2010/12/3,83710,1068
2010/12/4,79081,1069
2010/12/5,74801,1070
2010/12/6,84280,1071
2010/12/7,87255,1072
2010/12/8,89165,1073
2010/12/9,90314,1074
2010/12/10,89562,1075
2010/12/11,80152,1076
2010/12/12,75309,1077
2010/12/13,92408,1078
2010/12/14,91249,1079
2010/12/15,89453,1080
2010/12/16,96758,1081
2010/12/17,95442,1082
2010/12/18,86771,1083
2010/12/19,83380,1084
2010/12/20,90310,1085
2010/12/21,93802,1086
2010/12/22,87843,1087
2010/12/23,84497,1088
2010/12/24,90611,1089
2010/12/25,87538,1090
2010/12/26,83244,1091
2010/12/27,93179,1092
2010/12/28,90082,1093
2010/12/29,79816,1094
2010/12/30,80079,1095
2010/12/31,73627,1096
2011/1/1,69436,1097
2011/1/2,69058,1098
2011/1/3,73112,1099
2011/1/4,80171,1100
2011/1/5,88590,1101
2011/1/6,94622,1102
2011/1/7,100474,1103
2011/1/8,92198,1104
2011/1/9,84214,1105
2011/1/10,92202,1106
2011/1/11,102231,1107
2011/1/12,99471,1108
2011/1/13,102084,1109
2011/1/14,102257,1110
2011/1/15,96317,1111
2011/1/16,91351,1112
2011/1/17,100885,1113
2011/1/18,100579,1114
2011/1/19,99211,1115
2011/1/20,100430,1116
2011/1/21,101107,1117
2011/1/22,91067,1118
2011/1/23,87431,1119
2011/1/24,99170,1120
2011/1/25,99883,1121
2011/1/26,100319,1122
2011/1/27,100422,1123
2011/1/28,101968,1124
2011/1/29,93154,1125
2011/1/30,90520,1126
2011/1/31,102596,1127
2011/2/1,100420,1128
2011/2/2,101161,1129
2011/2/3,97555,1130
2011/2/4,95094,1131
2011/2/5,87196,1132
2011/2/6,83256,1133
2011/2/7,92126,1134
2011/2/8,98550,1135
2011/2/9,99729,1136
2011/2/10,97793,1137
2011/2/11,101245,1138
2011/2/12,98561,1139
2011/2/13,87743,1140
2011/2/14,103013,1141
2011/2/15,101274,1142
2011/2/16,98095,1143
2011/2/17,96112,1144
2011/2/18,93131,1145
2011/2/19,89095,1146
2011/2/20,84613,1147
2011/2/21,93543,1148
2011/2/22,95132,1149
2011/2/23,92348,1150
2011/2/24,91094,1151
2011/2/25,84622,1152
2011/2/26,82962,1153
2011/2/27,76564,1154
2011/2/28,96759,1155
2011/3/1,98029,1156
2011/3/2,95463,1157
2011/3/3,99394,1158
2011/3/4,99267,1159
2011/3/5,87639,1160
2011/3/6,79888,1161
2011/3/7,100124,1162
2011/3/8,95624,1163
2011/3/9,93737,1164
2011/3/10,95636,1165
2011/3/11,83346,1166
2011/3/12,71939,1167
2011/3/13,65950,1168
2011/3/14,63214,1169
2011/3/15,65880,1170
2011/3/16,67679,1171
2011/3/17,71067,1172
2011/3/18,70221,1173
2011/3/19,64707,1174
2011/3/20,60635,1175
2011/3/21,67573,1176
2011/3/22,73997,1177
2011/3/23,75093,1178
2011/3/24,78637,1179
2011/3/25,76945,1180
2011/3/26,72481,1181
2011/3/27,69833,1182
2011/3/28,74269,1183
2011/3/29,73475,1184
2011/3/30,71869,1185
2011/3/31,72318,1186
2011/4/1,71630,1187
2011/4/2,66012,1188
2011/4/3,67058,1189
2011/4/4,73491,1190
2011/4/5,74674,1191
2011/4/6,72257,1192
2011/4/7,71170,1193
2011/4/8,70663,1194
2011/4/9,67205,1195
2011/4/10,62120,1196
2011/4/11,69924,1197
2011/4/12,72258,1198
2011/4/13,71774,1199
2011/4/14,70552,1200
2011/4/15,70015,1201
2011/4/16,64956,1202
2011/4/17,61332,1203
2011/4/18,69722,1204
2011/4/19,74028,1205
2011/4/20,73341,1206
2011/4/21,74127,1207
2011/4/22,71972,1208
2011/4/23,67817,1209
2011/4/24,61666,1210
2011/4/25,69954,1211
2011/4/26,71180,1212
2011/4/27,70742,1213
2011/4/28,69486,1214
2011/4/29,65175,1215
2011/4/30,63335,1216
2011/5/1,60490,1217
2011/5/2,63228,1218
2011/5/3,60694,1219
2011/5/4,59130,1220
2011/5/5,61330,1221
2011/5/6,68466,1222
2011/5/7,68373,1223
2011/5/8,62086,1224
2011/5/9,69342,1225
2011/5/10,73645,1226
2011/5/11,73834,1227
2011/5/12,73777,1228
2011/5/13,73012,1229
2011/5/14,66712,1230
2011/5/15,62499,1231
2011/5/16,70825,1232
2011/5/17,72953,1233
2011/5/18,72550,1234
2011/5/19,73203,1235
2011/5/20,74089,1236
2011/5/21,69395,1237
2011/5/22,65495,1238
2011/5/23,71159,1239
2011/5/24,72763,1240
2011/5/25,71680,1241
2011/5/26,72432,1242
2011/5/27,72441,1243
2011/5/28,67837,1244
2011/5/29,64882,1245
2011/5/30,70763,1246
2011/5/31,70475,1247
2011/6/1,70923,1248
2011/6/2,73207,1249
2011/6/3,71996,1250
2011/6/4,67785,1251
2011/6/5,64650,1252
2011/6/6,73000,1253
2011/6/7,74178,1254
2011/6/8,72919,1255
2011/6/9,73636,1256
2011/6/10,74849,1257
2011/6/11,70307,1258
2011/6/12,65316,1259
2011/6/13,72888,1260
2011/6/14,74096,1261
2011/6/15,72624,1262
2011/6/16,73594,1263
2011/6/17,73209,1264
2011/6/18,69231,1265
2011/6/19,65179,1266
2011/6/20,74635,1267
2011/6/21,78337,1268
2011/6/22,82463,1269
2011/6/23,84847,1270
2011/6/24,87467,1271
2011/6/25,76487,1272
2011/6/26,67605,1273
2011/6/27,75038,1274
2011/6/28,84605,1275
2011/6/29,90159,1276
2011/6/30,87636,1277
2011/7/1,84661,1278
2011/7/2,80039,1279
2011/7/3,79424,1280
2011/7/4,87708,1281
2011/7/5,87621,1282
2011/7/6,85853,1283
2011/7/7,81696,1284
2011/7/8,85394,1285
2011/7/9,86769,1286
2011/7/10,85685,1287
2011/7/11,91686,1288
2011/7/12,91603,1289
2011/7/13,90980,1290
2011/7/14,90822,1291
2011/7/15,91997,1292
2011/7/16,88848,1293
2011/7/17,87735,1294
2011/7/18,89919,1295
2011/7/19,87152,1296
2011/7/20,84007,1297
2011/7/21,71390,1298
2011/7/22,70094,1299
2011/7/23,70494,1300
2011/7/24,73768,1301
2011/7/25,82390,1302
2011/7/26,83221,1303
2011/7/27,84584,1304
2011/7/28,82035,1305
2011/7/29,81001,1306
2011/7/30,76406,1307
2011/7/31,71268,1308
2011/8/1,75099,1309
2011/8/2,78155,1310
2011/8/3,81453,1311
2011/8/4,83175,1312
2011/8/5,85207,1313
2011/8/6,85335,1314
2011/8/7,84802,1315
2011/8/8,90747,1316
2011/8/9,95039,1317
2011/8/10,97470,1318
2011/8/11,95753,1319
2011/8/12,90440,1320
2011/8/13,84455,1321
2011/8/14,82156,1322
2011/8/15,83653,1323
2011/8/16,85579,1324
2011/8/17,91288,1325
2011/8/18,97339,1326
2011/8/19,82536,1327
2011/8/20,71943,1328
2011/8/21,68518,1329
2011/8/22,71859,1330
2011/8/23,78781,1331
2011/8/24,84876,1332
2011/8/25,82615,1333
2011/8/26,82703,1334
2011/8/27,74332,1335
2011/8/28,75933,1336
2011/8/29,81506,1337
2011/8/30,82773,1338
2011/8/31,83984,1339
2011/9/1,87253,1340
2011/9/2,88119,1341
2011/9/3,84749,1342
2011/9/4,79338,1343
2011/9/5,83177,1344
2011/9/6,80612,1345
2011/9/7,79408,1346
2011/9/8,80465,1347
2011/9/9,84992,1348
2011/9/10,86943,1349
2011/9/11,82701,1350
2011/9/12,89613,1351
2011/9/13,91801,1352
2011/9/14,92247,1353
2011/9/15,91106,1354
2011/9/16,89838,1355
2011/9/17,86333,1356
2011/9/18,83752,1357
2011/9/19,82450,1358
2011/9/20,75940,1359
2011/9/21,76156,1360
2011/9/22,76355,1361
2011/9/23,68603,1362
2011/9/24,68512,1363
2011/9/25,65403,1364
2011/9/26,70876,1365
2011/9/27,71928,1366
2011/9/28,71448,1367
2011/9/29,72025,1368
2011/9/30,73604,1369
2011/10/1,67955,1370
2011/10/2,63694,1371
2011/10/3,70227,1372
2011/10/4,72072,1373
2011/10/5,74330,1374
2011/10/6,74179,1375
2011/10/7,72653,1376
2011/10/8,67183,1377
2011/10/9,62827,1378
2011/10/10,66738,1379
2011/10/11,72459,1380
2011/10/12,73381,1381
2011/10/13,74030,1382
2011/10/14,74472,1383
2011/10/15,72270,1384
2011/10/16,66808,1385
2011/10/17,72788,1386
2011/10/18,73589,1387
2011/10/19,73474,1388
2011/10/20,73708,1389
2011/10/21,74019,1390
2011/10/22,71067,1391
2011/10/23,65934,1392
2011/10/24,73800,1393
2011/10/25,75796,1394
2011/10/26,73157,1395
2011/10/27,73543,1396
2011/10/28,73510,1397
2011/10/29,68612,1398
2011/10/30,64640,1399
2011/10/31,71897,1400
2011/11/1,73099,1401
2011/11/2,73570,1402
2011/11/3,71277,1403
2011/11/4,73040,1404
2011/11/5,69699,1405
2011/11/6,66114,1406
2011/11/7,72480,1407
2011/11/8,73946,1408
2011/11/9,74676,1409
2011/11/10,75659,1410
2011/11/11,78851,1411
2011/11/12,69702,1412
2011/11/13,64690,1413
2011/11/14,72851,1414
2011/11/15,75497,1415
2011/11/16,76770,1416
2011/11/17,76760,1417
2011/11/18,78706,1418
2011/11/19,74737,1419
2011/11/20,66304,1420
2011/11/21,75407,1421
2011/11/22,79271,1422
2011/11/23,75508,1423
2011/11/24,77452,1424
2011/11/25,79405,1425
2011/11/26,75989,1426
2011/11/27,71172,1427
2011/11/28,81318,1428
2011/11/29,80111,1429
2011/11/30,78053,1430
2011/12/1,86192,1431
2011/12/2,90172,1432
2011/12/3,81339,1433
2011/12/4,70557,1434
2011/12/5,80803,1435
2011/12/6,88248,1436
2011/12/7,84955,1437
2011/12/8,89342,1438
2011/12/9,92184,1439
2011/12/10,83122,1440
2011/12/11,76860,1441
2011/12/12,85379,1442
2011/12/13,86574,1443
2011/12/14,90069,1444
2011/12/15,85805,1445
2011/12/16,86376,1446
2011/12/17,83731,1447
2011/12/18,79535,1448
2011/12/19,89419,1449
2011/12/20,91014,1450
2011/12/21,92766,1451
2011/12/22,94175,1452
2011/12/23,90820,1453
2011/12/24,86453,1454
2011/12/25,81903,1455
2011/12/26,92177,1456
2011/12/27,92058,1457
2011/12/28,87043,1458
2011/12/29,79371,1459
2011/12/30,73836,1460
2011/12/31,71022,1461
2012/1/1,67125,1462
2012/1/2,67906,1463
2012/1/3,70271,1464
2012/1/4,77178,1465
2012/1/5,86115,1466
2012/1/6,91066,1467
2012/1/7,86970,1468
2012/1/8,81158,1469
2012/1/9,83291,1470
2012/1/10,91599,1471
2012/1/11,93333,1472
2012/1/12,97208,1473
2012/1/13,94293,1474
2012/1/14,88215,1475
2012/1/15,84615,1476
2012/1/16,96851,1477
2012/1/17,95462,1478
2012/1/18,95491,1479
2012/1/19,94793,1480
2012/1/20,101339,1481
2012/1/21,94490,1482
2012/1/22,85533,1483
2012/1/23,96271,1484
2012/1/24,99384,1485
2012/1/25,97003,1486
2012/1/26,98549,1487
2012/1/27,98924,1488
2012/1/28,92401,1489
2012/1/29,87618,1490
2012/1/30,97852,1491
2012/1/31,97781,1492
2012/2/1,96674,1493
2012/2/2,100177,1494
2012/2/3,99459,1495
2012/2/4,88968,1496
2012/2/5,83583,1497
2012/2/6,97182,1498
2012/2/7,93799,1499
2012/2/8,93310,1500
2012/2/9,94638,1501
2012/2/10,93261,1502
2012/2/11,85330,1503
2012/2/12,81764,1504
2012/2/13,93322,1505
2012/2/14,97018,1506
2012/2/15,93246,1507
2012/2/16,98712,1508
2012/2/17,95658,1509
2012/2/18,90544,1510
2012/2/19,85239,1511
2012/2/20,92219,1512
2012/2/21,90320,1513
2012/2/22,89018,1514
2012/2/23,91010,1515
2012/2/24,84086,1516
2012/2/25,84509,1517
2012/2/26,80824,1518
2012/2/27,91387,1519
2012/2/28,94309,1520
2012/2/29,100588,1521
2012/3/1,90575,1522
2012/3/2,93130,1523
2012/3/3,81596,1524
2012/3/4,81148,1525
2012/3/5,94546,1526
2012/3/6,84792,1527
2012/3/7,81636,1528
2012/3/8,85118,1529
2012/3/9,89544,1530
2012/3/10,86184,1531
2012/3/11,77221,1532
2012/3/12,86660,1533
2012/3/13,88936,1534
2012/3/14,87180,1535
2012/3/15,86983,1536
2012/3/16,87425,1537
2012/3/17,83106,1538
2012/3/18,76206,1539
2012/3/19,84326,1540
2012/3/20,79971,1541
2012/3/21,84848,1542
2012/3/22,84873,1543
2012/3/23,85877,1544
2012/3/24,80062,1545
2012/3/25,72811,1546
2012/3/26,83480,1547
2012/3/27,82693,1548
2012/3/28,80887,1549
2012/3/29,78987,1550
2012/3/30,76556,1551
2012/3/31,71889,1552
2012/4/1,68925,1553
2012/4/2,77305,1554
2012/4/3,78997,1555
2012/4/4,77668,1556
2012/4/5,76653,1557
2012/4/6,78269,1558
2012/4/7,75787,1559
2012/4/8,70449,1560
2012/4/9,74723,1561
2012/4/10,74272,1562
2012/4/11,76703,1563
2012/4/12,73996,1564
2012/4/13,73389,1565
2012/4/14,75357,1566
2012/4/15,66961,1567
2012/4/16,74950,1568
2012/4/17,75808,1569
2012/4/18,74639,1570
2012/4/19,75253,1571
2012/4/20,76046,1572
2012/4/21,72241,1573
2012/4/22,70067,1574
2012/4/23,77462,1575
2012/4/24,73749,1576
2012/4/25,73637,1577
2012/4/26,74854,1578
2012/4/27,74259,1579
2012/4/28,66921,1580
2012/4/29,62271,1581
2012/4/30,63867,1582
2012/5/1,67934,1583
2012/5/2,67977,1584
2012/5/3,63362,1585
2012/5/4,60976,1586
2012/5/5,60030,1587
2012/5/6,60625,1588
2012/5/7,68761,1589
2012/5/8,72460,1590
2012/5/9,73771,1591
2012/5/10,72997,1592
2012/5/11,71901,1593
2012/5/12,67090,1594
2012/5/13,62779,1595
2012/5/14,71151,1596
2012/5/15,73784,1597
2012/5/16,73388,1598
2012/5/17,73870,1599
2012/5/18,72650,1600
2012/5/19,67245,1601
2012/5/20,63680,1602
2012/5/21,71582,1603
2012/5/22,73200,1604
2012/5/23,72439,1605
2012/5/24,73739,1606
2012/5/25,73287,1607
2012/5/26,67489,1608
2012/5/27,63789,1609
2012/5/28,72312,1610
2012/5/29,74078,1611
2012/5/30,73383,1612
2012/5/31,73487,1613
2012/6/1,74053,1614
2012/6/2,68133,1615
2012/6/3,64141,1616
2012/6/4,73219,1617
2012/6/5,74653,1618
2012/6/6,73749,1619
2012/6/7,74147,1620
2012/6/8,76406,1621
2012/6/9,69202,1622
2012/6/10,64863,1623
2012/6/11,72608,1624
2012/6/12,73582,1625
2012/6/13,72337,1626
2012/6/14,73066,1627
2012/6/15,73815,1628
2012/6/16,69357,1629
2012/6/17,67027,1630
2012/6/18,75996,1631
2012/6/19,78467,1632
2012/6/20,80956,1633
2012/6/21,78376,1634
2012/6/22,76338,1635
2012/6/23,70204,1636
2012/6/24,65851,1637
2012/6/25,71706,1638
2012/6/26,73039,1639
2012/6/27,73642,1640
2012/6/28,74948,1641
2012/6/29,75991,1642
2012/6/30,70868,1643
2012/7/1,65780,1644
2012/7/2,74949,1645
2012/7/3,77951,1646
2012/7/4,79846,1647
2012/7/5,82794,1648
2012/7/6,82550,1649
2012/7/7,74059,1650
2012/7/8,66994,1651
2012/7/9,77899,1652
2012/7/10,83340,1653
2012/7/11,84542,1654
2012/7/12,83565,1655
2012/7/13,85288,1656
2012/7/14,80554,1657
2012/7/15,77993,1658
2012/7/16,84563,1659
2012/7/17,94583,1660
2012/7/18,93440,1661
2012/7/19,91549,1662
2012/7/20,75696,1663
2012/7/21,68025,1664
2012/7/22,65350,1665
2012/7/23,77060,1666
2012/7/24,83782,1667
2012/7/25,90122,1668
2012/7/26,96124,1669
2012/7/27,97583,1670
2012/7/28,90967,1671
2012/7/29,86060,1672
2012/7/30,94980,1673
2012/7/31,94895,1674
2012/8/1,94819,1675
2012/8/2,97763,1676
2012/8/3,96049,1677
2012/8/4,85759,1678
2012/8/5,84748,1679
2012/8/6,88590,1680
2012/8/7,91090,1681
2012/8/8,83614,1682
2012/8/9,82536,1683
2012/8/10,84167,1684
2012/8/11,81787,1685
2012/8/12,75563,1686
2012/8/13,81395,1687
2012/8/14,77250,1688
2012/8/15,79092,1689
2012/8/16,87522,1690
2012/8/17,90774,1691
2012/8/18,81117,1692
2012/8/19,79933,1693
2012/8/20,90121,1694
2012/8/21,94468,1695
2012/8/22,95913,1696
2012/8/23,97259,1697
2012/8/24,96332,1698
2012/8/25,89114,1699
2012/8/26,84925,1700
2012/8/27,94946,1701
2012/8/28,94855,1702
2012/8/29,94622,1703
2012/8/30,98608,1704
2012/8/31,96724,1705
2012/9/1,83378,1706
2012/9/2,74791,1707
2012/9/3,83327,1708
2012/9/4,87952,1709
2012/9/5,90443,1710
2012/9/6,89562,1711
2012/9/7,87921,1712
2012/9/8,84042,1713
2012/9/9,79721,1714
2012/9/10,90364,1715
2012/9/11,92052,1716
2012/9/12,89260,1717
2012/9/13,91785,1718
2012/9/14,91597,1719
2012/9/15,84751,1720
2012/9/16,78736,1721
2012/9/17,83336,1722
2012/9/18,89083,1723
2012/9/19,87218,1724
2012/9/20,88008,1725
2012/9/21,82209,1726
2012/9/22,71405,1727
2012/9/23,66551,1728
2012/9/24,75112,1729
2012/9/25,73780,1730
2012/9/26,73394,1731
2012/9/27,72354,1732
2012/9/28,73039,1733
2012/9/29,71957,1734
2012/9/30,69933,1735
2012/10/1,80863,1736
2012/10/2,78521,1737
2012/10/3,75881,1738
2012/10/4,76363,1739
2012/10/5,77646,1740
2012/10/6,72211,1741
2012/10/7,64191,1742
2012/10/8,65062,1743
2012/10/9,70804,1744
2012/10/10,71890,1745
2012/10/11,73509,1746
2012/10/12,72561,1747
2012/10/13,66952,1748
2012/10/14,62551,1749
2012/10/15,70538,1750
2012/10/16,71506,1751
2012/10/17,72192,1752
2012/10/18,73546,1753
2012/10/19,70842,1754
2012/10/20,66123,1755
2012/10/21,62560,1756
2012/10/22,70057,1757
2012/10/23,73367,1758
2012/10/24,71065,1759
2012/10/25,71750,1760
2012/10/26,71009,1761
2012/10/27,66313,1762
2012/10/28,64361,1763
2012/10/29,69983,1764
2012/10/30,72104,1765
2012/10/31,72497,1766
2012/11/1,72500,1767
2012/11/2,72442,1768
2012/11/3,67362,1769
2012/11/4,64108,1770
2012/11/5,74095,1771
2012/11/6,77028,1772
2012/11/7,73368,1773
2012/11/8,73637,1774
2012/11/9,73272,1775
2012/11/10,68334,1776
2012/11/11,67117,1777
2012/11/12,73246,1778
2012/11/13,74669,1779
2012/11/14,74950,1780
2012/11/15,77314,1781
2012/11/16,76584,1782
2012/11/17,74508,1783
2012/11/18,67497,1784
2012/11/19,80869,1785
2012/11/20,79322,1786
2012/11/21,79248,1787
2012/11/22,79962,1788
2012/11/23,78858,1789
2012/11/24,73775,1790
2012/11/25,71127,1791
2012/11/26,84422,1792
2012/11/27,81980,1793
2012/11/28,87098,1794
2012/11/29,84390,1795
2012/11/30,83732,1796
2012/12/1,81135,1797
2012/12/2,78994,1798
2012/12/3,89392,1799
2012/12/4,87052,1800
2012/12/5,85614,1801
2012/12/6,83603,1802
2012/12/7,85879,1803
2012/12/8,79863,1804
2012/12/9,78129,1805
2012/12/10,89874,1806
2012/12/11,90402,1807
2012/12/12,90494,1808
2012/12/13,90940,1809
2012/12/14,90944,1810
2012/12/15,84560,1811
2012/12/16,73246,1812
2012/12/17,88740,1813
2012/12/18,85161,1814
2012/12/19,89963,1815
2012/12/20,91481,1816
2012/12/21,91757,1817
2012/12/22,87682,1818
2012/12/23,79930,1819
2012/12/24,85503,1820
2012/12/25,92273,1821
2012/12/26,93314,1822
2012/12/27,92845,1823
2012/12/28,89948,1824
2012/12/29,75654,1825
2012/12/30,72310,1826
2012/12/31,67515,1827
2013/1/1,65223,1828
2013/1/2,64305,1829
2013/1/3,68915,1830
2013/1/4,79321,1831
2013/1/5,83090,1832
2013/1/6,80185,1833
2013/1/7,90225,1834
2013/1/8,90737,1835
2013/1/9,90459,1836
2013/1/10,91988,1837
2013/1/11,93421,1838
2013/1/12,87447,1839
2013/1/13,78401,1840
2013/1/14,90750,1841
2013/1/15,94899,1842
2013/1/16,97120,1843
2013/1/17,96349,1844
2013/1/18,97291,1845
2013/1/19,89181,1846
2013/1/20,81982,1847
2013/1/21,91662,1848
2013/1/22,93592,1849
2013/1/23,91862,1850
2013/1/24,91102,1851
2013/1/25,90770,1852
2013/1/26,87912,1853
2013/1/27,82000,1854
2013/1/28,91932,1855
2013/1/29,91113,1856
2013/1/30,88894,1857
2013/1/31,90721,1858
2013/2/1,88886,1859
2013/2/2,75348,1860
2013/2/3,72480,1861
2013/2/4,82730,1862
2013/2/5,85468,1863
2013/2/6,95031,1864
2013/2/7,89095,1865
2013/2/8,92176,1866
2013/2/9,86133,1867
2013/2/10,77464,1868
2013/2/11,82883,1869
2013/2/12,94493,1870
2013/2/13,89917,1871
2013/2/14,91169,1872
2013/2/15,94102,1873
2013/2/16,89480,1874
2013/2/17,83833,1875
2013/2/18,94160,1876
2013/2/19,96945,1877
2013/2/20,93140,1878
2013/2/21,93511,1879
2013/2/22,92170,1880
2013/2/23,83976,1881
2013/2/24,81887,1882
2013/2/25,93714,1883
2013/2/26,92209,1884
2013/2/27,92161,1885
2013/2/28,84683,1886
2013/3/1,81185,1887
2013/3/2,76552,1888
2013/3/3,76517,1889
2013/3/4,86624,1890
2013/3/5,84369,1891
2013/3/6,81298,1892
2013/3/7,78914,1893
2013/3/8,74932,1894
2013/3/9,68110,1895
2013/3/10,65551,1896
2013/3/11,79635,1897
2013/3/12,78860,1898
2013/3/13,75068,1899
2013/3/14,80988,1900
2013/3/15,79513,1901
2013/3/16,71501,1902
2013/3/17,66384,1903
2013/3/18,72329,1904
2013/3/19,71521,1905
2013/3/20,68748,1906
2013/3/21,73411,1907
2013/3/22,73191,1908
2013/3/23,68241,1909
2013/3/24,66265,1910
2013/3/25,77925,1911
2013/3/26,78573,1912
2013/3/27,82590,1913
2013/3/28,74549,1914
2013/3/29,71578,1915
2013/3/30,73297,1916
2013/3/31,71833,1917
2013/4/1,75092,1918
2013/4/2,80666,1919
2013/4/3,79476,1920
2013/4/4,73625,1921
2013/4/5,72088,1922
2013/4/6,68384,1923
2013/4/7,63173,1924
2013/4/8,70913,1925
2013/4/9,72283,1926
2013/4/10,72596,1927
2013/4/11,75509,1928
2013/4/12,74741,1929
2013/4/13,68920,1930
2013/4/14,63579,1931
2013/4/15,69967,1932
2013/4/16,71670,1933
2013/4/17,71731,1934
2013/4/18,71947,1935
2013/4/19,72548,1936
2013/4/20,72985,1937
2013/4/21,72334,1938
2013/4/22,75690,1939
2013/4/23,74825,1940
2013/4/24,74721,1941
2013/4/25,71491,1942
2013/4/26,70195,1943
2013/4/27,65019,1944
2013/4/28,60772,1945
2013/4/29,62090,1946
2013/4/30,67015,1947
2013/5/1,66516,1948
2013/5/2,66259,1949
2013/5/3,60187,1950
2013/5/4,58560,1951
2013/5/5,58102,1952
2013/5/6,61272,1953
2013/5/7,68121,1954
2013/5/8,70691,1955
2013/5/9,71390,1956
2013/5/10,72276,1957
2013/5/11,68240,1958
2013/5/12,62532,1959
2013/5/13,70491,1960
2013/5/14,73204,1961
2013/5/15,72282,1962
2013/5/16,72629,1963
2013/5/17,71054,1964
2013/5/18,66399,1965
2013/5/19,62504,1966
2013/5/20,71413,1967
2013/5/21,74250,1968
2013/5/22,74415,1969
2013/5/23,73919,1970
2013/5/24,73536,1971
2013/5/25,66238,1972
2013/5/26,63534,1973
2013/5/27,71836,1974
2013/5/28,73108,1975
2013/5/29,73332,1976
2013/5/30,74310,1977
2013/5/31,72806,1978
2013/6/1,65672,1979
2013/6/2,61356,1980
2013/6/3,70125,1981
2013/6/4,74204,1982
2013/6/5,74794,1983
2013/6/6,74271,1984
2013/6/7,73797,1985
2013/6/8,68121,1986
2013/6/9,65309,1987
2013/6/10,74226,1988
2013/6/11,75017,1989
2013/6/12,75009,1990
2013/6/13,76087,1991
2013/6/14,77756,1992
2013/6/15,74949,1993
2013/6/16,68208,1994
2013/6/17,77728,1995
2013/6/18,82248,1996
2013/6/19,81485,1997
2013/6/20,77731,1998
2013/6/21,75988,1999
2013/6/22,69695,2000
2013/6/23,66248,2001
2013/6/24,75219,2002
2013/6/25,77654,2003
2013/6/26,75888,2004
2013/6/27,74775,2005
2013/6/28,74389,2006
2013/6/29,70877,2007
2013/6/30,66842,2008
2013/7/1,74156,2009
2013/7/2,77174,2010
2013/7/3,76518,2011
2013/7/4,79309,2012
2013/7/5,82314,2013
2013/7/6,81747,2014
2013/7/7,81152,2015
2013/7/8,93057,2016
2013/7/9,96315,2017
2013/7/10,97680,2018
2013/7/11,99314,2019
2013/7/12,99363,2020
2013/7/13,88840,2021
2013/7/14,83020,2022
2013/7/15,83890,2023
2013/7/16,82577,2024
2013/7/17,81114,2025
2013/7/18,88153,2026
2013/7/19,83911,2027
2013/7/20,73628,2028
2013/7/21,70100,2029
2013/7/22,82944,2030
2013/7/23,88642,2031
2013/7/24,81954,2032
2013/7/25,82703,2033
2013/7/26,87901,2034
2013/7/27,81332,2035
2013/7/28,75319,2036
2013/7/29,81249,2037
2013/7/30,86744,2038
2013/7/31,86258,2039
2013/8/1,87684,2040
2013/8/2,82365,2041
2013/8/3,77629,2042
2013/8/4,76589,2043
2013/8/5,89487,2044
2013/8/6,90939,2045
2013/8/7,93371,2046
2013/8/8,95640,2047
2013/8/9,100352,2048
2013/8/10,98496,2049
2013/8/11,92903,2050
2013/8/12,92725,2051
2013/8/13,85727,2052
2013/8/14,84450,2053
2013/8/15,84248,2054
2013/8/16,86851,2055
2013/8/17,83399,2056
2013/8/18,82338,2057
2013/8/19,95472,2058
2013/8/20,97018,2059
2013/8/21,94251,2060
2013/8/22,93826,2061
2013/8/23,91688,2062
2013/8/24,83498,2063
2013/8/25,72542,2064
2013/8/26,80404,2065
2013/8/27,81193,2066
2013/8/28,84359,2067
2013/8/29,87419,2068
2013/8/30,95950,2069
2013/8/31,90880,2070
2013/9/1,86867,2071
2013/9/2,89992,2072
2013/9/3,93530,2073
2013/9/4,90225,2074
2013/9/5,89331,2075
2013/9/6,83358,2076
2013/9/7,76983,2077
2013/9/8,71682,2078
2013/9/9,77400,2079
2013/9/10,78918,2080
2013/9/11,79154,2081
2013/9/12,84846,2082
2013/9/13,87998,2083
2013/9/14,83129,2084
2013/9/15,76006,2085
2013/9/16,76960,2086
2013/9/17,74738,2087
2013/9/18,75213,2088
2013/9/19,75555,2089
2013/9/20,77681,2090
2013/9/21,74647,2091
2013/9/22,68822,2092
2013/9/23,67896,2093
2013/9/24,74716,2094
2013/9/25,78041,2095
2013/9/26,74452,2096
2013/9/27,70627,2097
2013/9/28,66152,2098
2013/9/29,62816,2099
2013/9/30,70079,2100
2013/10/1,74196,2101
2013/10/2,76916,2102
2013/10/3,77630,2103
2013/10/4,72281,2104
2013/10/5,67731,2105
2013/10/6,64521,2106
2013/10/7,74734,2107
2013/10/8,78598,2108
2013/10/9,79591,2109
2013/10/10,79495,2110
2013/10/11,79939,2111
2013/10/12,72777,2112
2013/10/13,62317,2113
2013/10/14,64545,2114
2013/10/15,71662,2115
2013/10/16,71415,2116
2013/10/17,71132,2117
2013/10/18,70749,2118
2013/10/19,66742,2119
2013/10/20,64923,2120
2013/10/21,70083,2121
2013/10/22,71737,2122
2013/10/23,71623,2123
2013/10/24,72682,2124
2013/10/25,73242,2125
2013/10/26,68448,2126
2013/10/27,62479,2127
2013/10/28,69779,2128
2013/10/29,73928,2129
2013/10/30,71786,2130
2013/10/31,71646,2131
2013/11/1,71288,2132
2013/11/2,68173,2133
2013/11/3,62893,2134
2013/11/4,67373,2135
2013/11/5,71379,2136
2013/11/6,72609,2137
2013/11/7,74809,2138
2013/11/8,72805,2139
2013/11/9,71021,2140
2013/11/10,65926,2141
2013/11/11,74356,2142
2013/11/12,79798,2143
2013/11/13,79912,2144
2013/11/14,80246,2145
2013/11/15,81355,2146
2013/11/16,73016,2147
2013/11/17,66986,2148
2013/11/18,74694,2149
2013/11/19,77629,2150
2013/11/20,78816,2151
2013/11/21,78904,2152
2013/11/22,78425,2153
2013/11/23,71992,2154
2013/11/24,68805,2155
2013/11/25,78919,2156
2013/11/26,76343,2157
2013/11/27,78539,2158
2013/11/28,78885,2159
2013/11/29,80894,2160
2013/11/30,76616,2161
2013/12/1,71949,2162
2013/12/2,80141,2163
2013/12/3,81522,2164
2013/12/4,80923,2165
2013/12/5,81179,2166
2013/12/6,80908,2167
2013/12/7,76154,2168
2013/12/8,73983,2169
2013/12/9,85263,2170
2013/12/10,86653,2171
2013/12/11,85429,2172
2013/12/12,85317,2173
2013/12/13,85674,2174
2013/12/14,80613,2175
2013/12/15,76572,2176
2013/12/16,86211,2177
2013/12/17,86766,2178
2013/12/18,91671,2179
2013/12/19,92651,2180
2013/12/20,91868,2181
2013/12/21,85108,2182
2013/12/22,78113,2183
2013/12/23,86370,2184
2013/12/24,88655,2185
2013/12/25,89608,2186
2013/12/26,90561,2187
2013/12/27,86689,2188
2013/12/28,80622,2189
2013/12/29,75545,2190
2013/12/30,73572,2191
2013/12/31,68740,2192
2014/1/1,63029,2193
2014/1/2,64130,2194
2014/1/3,68421,2195
2014/1/4,71881,2196
2014/1/5,76468,2197
2014/1/6,87880,2198
2014/1/7,92158,2199
2014/1/8,90644,2200
2014/1/9,90249,2201
2014/1/10,95344,2202
2014/1/11,88592,2203
2014/1/12,81395,2204
2014/1/13,86407,2205
2014/1/14,95154,2206
2014/1/15,99962,2207
2014/1/16,96112,2208
2014/1/17,93832,2209
2014/1/18,88461,2210
2014/1/19,83225,2211
2014/1/20,93334,2212
2014/1/21,91755,2213
2014/1/22,91926,2214
2014/1/23,91771,2215
2014/1/24,89792,2216
2014/1/25,84666,2217
2014/1/26,76995,2218
2014/1/27,91416,2219
2014/1/28,88701,2220
2014/1/29,86462,2221
2014/1/30,87160,2222
2014/1/31,83045,2223
2014/2/1,80738,2224
2014/2/2,75882,2225
2014/2/3,80049,2226
2014/2/4,92882,2227
2014/2/5,98200,2228
2014/2/6,98965,2229
2014/2/7,95071,2230
2014/2/8,98502,2231
2014/2/9,84419,2232
2014/2/10,91833,2233
2014/2/11,93197,2234
2014/2/12,94459,2235
2014/2/13,95420,2236
2014/2/14,102681,2237
2014/2/15,91338,2238
2014/2/16,79776,2239
2014/2/17,88411,2240
2014/2/18,93306,2241
2014/2/19,93628,2242
2014/2/20,94238,2243
2014/2/21,91904,2244
2014/2/22,86870,2245
2014/2/23,80832,2246
2014/2/24,89116,2247
2014/2/25,87036,2248
2014/2/26,84702,2249
2014/2/27,86623,2250
2014/2/28,77565,2251
2014/3/1,78763,2252
2014/3/2,79177,2253
2014/3/3,86835,2254
2014/3/4,87228,2255
2014/3/5,91283,2256
2014/3/6,90129,2257
2014/3/7,91646,2258
2014/3/8,83886,2259
2014/3/9,77013,2260
2014/3/10,88985,2261
2014/3/11,89310,2262
2014/3/12,83037,2263
2014/3/13,83347,2264
2014/3/14,83006,2265
2014/3/15,77811,2266
2014/3/16,70499,2267
2014/3/17,77131,2268
2014/3/18,75886,2269
2014/3/19,77509,2270
2014/3/20,84318,2271
2014/3/21,75868,2272
2014/3/22,73619,2273
2014/3/23,68210,2274
2014/3/24,74535,2275
2014/3/25,73076,2276
2014/3/26,73119,2277
2014/3/27,76533,2278
2014/3/28,72826,2279
2014/3/29,66690,2280
2014/3/30,64748,2281
2014/3/31,68812,2282
2014/4/1,71277,2283
2014/4/2,71915,2284
2014/4/3,74543,2285
2014/4/4,72452,2286
2014/4/5,68760,2287
2014/4/6,68057,2288
2014/4/7,74216,2289
2014/4/8,72655,2290
2014/4/9,71689,2291
2014/4/10,71003,2292
2014/4/11,72206,2293
2014/4/12,67526,2294
2014/4/13,63124,2295
2014/4/14,70024,2296
2014/4/15,70454,2297
2014/4/16,70447,2298
2014/4/17,70083,2299
2014/4/18,74034,2300
2014/4/19,68064,2301
2014/4/20,66336,2302
2014/4/21,74086,2303
2014/4/22,72698,2304
2014/4/23,71020,2305
2014/4/24,70520,2306
2014/4/25,69589,2307
2014/4/26,64975,2308
2014/4/27,60407,2309
2014/4/28,64550,2310
2014/4/29,63671,2311
2014/4/30,68583,2312
2014/5/1,66377,2313
2014/5/2,65247,2314
2014/5/3,59330,2315
2014/5/4,56516,2316
2014/5/5,58939,2317
2014/5/6,61754,2318
2014/5/7,66961,2319
2014/5/8,68510,2320
2014/5/9,69281,2321
2014/5/10,65150,2322
2014/5/11,60681,2323
2014/5/12,67879,2324
2014/5/13,70581,2325
2014/5/14,70959,2326
2014/5/15,70261,2327
2014/5/16,69859,2328
2014/5/17,64377,2329
2014/5/18,60638,2330
2014/5/19,68845,2331
2014/5/20,71088,2332
2014/5/21,70381,2333
2014/5/22,69639,2334
2014/5/23,68817,2335
2014/5/24,64691,2336
2014/5/25,61700,2337
2014/5/26,68998,2338
2014/5/27,71716,2339
2014/5/28,71805,2340
2014/5/29,72140,2341
2014/5/30,72938,2342
2014/5/31,69298,2343
2014/6/1,66906,2344
2014/6/2,75350,2345
2014/6/3,76238,2346
2014/6/4,76286,2347
2014/6/5,73139,2348
2014/6/6,72566,2349
2014/6/7,67450,2350
2014/6/8,63902,2351
2014/6/9,72533,2352
2014/6/10,75208,2353
2014/6/11,74687,2354
2014/6/12,74700,2355
2014/6/13,75494,2356
2014/6/14,69622,2357
2014/6/15,65737,2358
2014/6/16,75309,2359
2014/6/17,76758,2360
2014/6/18,74700,2361
2014/6/19,76209,2362
2014/6/20,76321,2363
2014/6/21,71346,2364
2014/6/22,65109,2365
2014/6/23,73962,2366
2014/6/24,74791,2367
2014/6/25,74843,2368
2014/6/26,75486,2369
2014/6/27,75805,2370
2014/6/28,70326,2371
2014/6/29,66885,2372
2014/6/30,73453,2373
2014/7/1,76697,2374
2014/7/2,78000,2375
2014/7/3,77179,2376
2014/7/4,74325,2377
2014/7/5,68574,2378
2014/7/6,65467,2379
2014/7/7,74094,2380
2014/7/8,79746,2381
2014/7/9,78007,2382
2014/7/10,80300,2383
2014/7/11,85739,2384
2014/7/12,79494,2385
2014/7/13,71171,2386
2014/7/14,84651,2387
2014/7/15,85505,2388
2014/7/16,88055,2389
2014/7/17,85127,2390
2014/7/18,79512,2391
2014/7/19,71694,2392
2014/7/20,68128,2393
2014/7/21,72209,2394
2014/7/22,83362,2395
2014/7/23,88929,2396
2014/7/24,91333,2397
2014/7/25,93349,2398
2014/7/26,89627,2399
2014/7/27,83045,2400
2014/7/28,82061,2401
2014/7/29,83085,2402
2014/7/30,84951,2403
2014/7/31,90365,2404
2014/8/1,92385,2405
2014/8/2,86556,2406
2014/8/3,83879,2407
2014/8/4,93309,2408
2014/8/5,97110,2409
2014/8/6,97048,2410
2014/8/7,94316,2411
2014/8/8,87985,2412
2014/8/9,74294,2413
2014/8/10,71846,2414
2014/8/11,80953,2415
2014/8/12,74458,2416
2014/8/13,72393,2417
2014/8/14,73032,2418
2014/8/15,77018,2419
2014/8/16,71289,2420
2014/8/17,68936,2421
2014/8/18,85319,2422
2014/8/19,91524,2423
2014/8/20,96795,2424
2014/8/21,96808,2425
2014/8/22,95678,2426
2014/8/23,79392,2427
2014/8/24,75378,2428
2014/8/25,81497,2429
2014/8/26,79407,2430
2014/8/27,73232,2431
2014/8/28,72555,2432
2014/8/29,73368,2433
2014/8/30,66416,2434
2014/8/31,64298,2435
2014/9/1,70849,2436
2014/9/2,74937,2437
2014/9/3,74406,2438
2014/9/4,76019,2439
2014/9/5,81785,2440
2014/9/6,78159,2441
2014/9/7,65442,2442
2014/9/8,71070,2443
2014/9/9,73770,2444
2014/9/10,74300,2445
2014/9/11,73306,2446
2014/9/12,72735,2447
2014/9/13,67750,2448
2014/9/14,63352,2449
2014/9/15,66986,2450
2014/9/16,74887,2451
2014/9/17,72941,2452
2014/9/18,70995,2453
2014/9/19,70183,2454
2014/9/20,65854,2455
2014/9/21,60994,2456
2014/9/22,69163,2457
2014/9/23,68094,2458
2014/9/24,71237,2459
2014/9/25,74001,2460
2014/9/26,71900,2461
2014/9/27,64136,2462
2014/9/28,60949,2463
2014/9/29,69106,2464
2014/9/30,72155,2465
2014/10/1,71196,2466
2014/10/2,71719,2467
2014/10/3,75811,2468
2014/10/4,68130,2469
2014/10/5,62773,2470
2014/10/6,70060,2471
2014/10/7,70208,2472
2014/10/8,70097,2473
2014/10/9,71005,2474
2014/10/10,70941,2475
2014/10/11,64466,2476
2014/10/12,59990,2477
2014/10/13,64288,2478
2014/10/14,69520,2479
2014/10/15,69428,2480
2014/10/16,69160,2481
2014/10/17,68738,2482
2014/10/18,64262,2483
2014/10/19,60214,2484
2014/10/20,68125,2485
2014/10/21,70744,2486
2014/10/22,71444,2487
2014/10/23,71576,2488
2014/10/24,69237,2489
2014/10/25,64570,2490
2014/10/26,61297,2491
2014/10/27,68455,2492
2014/10/28,69389,2493
2014/10/29,69770,2494
2014/10/30,70189,2495
2014/10/31,70116,2496
2014/11/1,66911,2497
2014/11/2,61547,2498
2014/11/3,64290,2499
2014/11/4,69370,2500
2014/11/5,71583,2501
2014/11/6,71407,2502
2014/11/7,70452,2503
2014/11/8,68692,2504
2014/11/9,64391,2505
2014/11/10,69305,2506
2014/11/11,73327,2507
2014/11/12,73110,2508
2014/11/13,71790,2509
2014/11/14,72943,2510
2014/11/15,68768,2511
2014/11/16,65424,2512
2014/11/17,74422,2513
2014/11/18,74984,2514
2014/11/19,75821,2515
2014/11/20,81102,2516
2014/11/21,76290,2517
2014/11/22,70019,2518
2014/11/23,64554,2519
2014/11/24,69926,2520
2014/11/25,78980,2521
2014/11/26,82019,2522
2014/11/27,75601,2523
2014/11/28,76241,2524
2014/11/29,72475,2525
2014/11/30,66072,2526
2014/12/1,75453,2527
2014/12/2,77574,2528
2014/12/3,80738,2529
2014/12/4,83647,2530
2014/12/5,81079,2531
2014/12/6,80075,2532
2014/12/7,75649,2533
2014/12/8,83479,2534
2014/12/9,85354,2535
2014/12/10,86548,2536
2014/12/11,85389,2537
2014/12/12,83751,2538
2014/12/13,79377,2539
2014/12/14,77421,2540
2014/12/15,86951,2541
2014/12/16,93135,2542
2014/12/17,90252,2543
2014/12/18,92293,2544
2014/12/19,90458,2545
2014/12/20,86539,2546
2014/12/21,75845,2547
2014/12/22,84127,2548
2014/12/23,84120,2549
2014/12/24,87340,2550
2014/12/25,86080,2551
2014/12/26,84649,2552
2014/12/27,80520,2553
2014/12/28,75781,2554
2014/12/29,77853,2555
2014/12/30,69711,2556
2014/12/31,65697,2557
